Rank,Airport,City,State_Province,Country,Total_Passengers_millions,Long,Lat,Image_URL,Thumb_URL
1,Hartsfield-Jackson Atlanta International Airport,Atlanta,Georgia,United States,95.46,-84.427928,33.64104,http://upload.wikimedia.org/wikipedia/commons/thumb/b/bb/Delta_check_in_at_ATL.jpg/800px-Delta_check_in_at_ATL.jpg,http://upload.wikimedia.org/wikipedia/commons/thumb/b/bb/Delta_check_in_at_ATL.jpg/220px-Delta_check_in_at_ATL.jpg
2,Beijing Capital International Airport,Beijing,,China,81.93,116.607693,40.066212,http://upload.wikimedia.org/wikipedia/commons/thumb/1/13/VM_Beijing_Airport_-_hallways_4350.jpg/800px-VM_Beijing_Airport_-_hallways_4350.jpg,
3,London Heathrow Airport,London,,United Kingdom,70.04,-0.464417,51.471826,http://upload.wikimedia.org/wikipedia/commons/thumb/2/29/Heathrow_T5.jpg/800px-Heathrow_T5.jpg,http://upload.wikimedia.org/wikipedia/commons/thumb/2/29/Heathrow_T5.jpg/280px-Heathrow_T5.jpg
4,Tokyo International Airport,Tokyo,,Japan,67.79,139.786083,35.550327,http://upload.wikimedia.org/wikipedia/commons/thumb/8/80/HND_Airport_Office_Building_1.jpg/800px-HND_Airport_Office_Building_1.jpg,http://upload.wikimedia.org/wikipedia/commons/thumb/8/80/HND_Airport_Office_Building_1.jpg/280px-HND_Airport_Office_Building_1.jpg
5,O'Hare International Airport,Chicago,Illinois,United States,67.09,-87.90348,41.978498,http://upload.wikimedia.org/wikipedia/commons/thumb/a/ac/O%27Hare_Terminal_1.jpg/800px-O%27Hare_Terminal_1.jpg,http://upload.wikimedia.org/wikipedia/commons/thumb/a/ac/O%27Hare_Terminal_1.jpg/250px-O%27Hare_Terminal_1.jpg
6,Los Angeles International Airport,Los Angeles,California,United States,63.69,-118.409194,33.943394,http://upload.wikimedia.org/wikipedia/commons/thumb/e/e8/LAX_LA.jpg/800px-LAX_LA.jpg,http://upload.wikimedia.org/wikipedia/commons/thumb/e/e8/LAX_LA.jpg/250px-LAX_LA.jpg
7,Paris Charles de Gaulle Airport,Paris,Ile-de-France,France,61.61,2.552069,49.008581,http://upload.wikimedia.org/wikipedia/commons/thumb/c/ce/Patis_CDG-1_12.JPG/800px-Patis_CDG-1_12.JPG,http://upload.wikimedia.org/wikipedia/commons/thumb/c/ce/Patis_CDG-1_12.JPG/220px-Patis_CDG-1_12.JPG
8,Dallas Fort Worth International Airport,Dallas-Fort Worth,Texas,United States,58.6,-97.040322,32.897503,http://upload.wikimedia.org/wikipedia/commons/thumb/0/0a/Dallas_-_Fort_Worth_International_Airport.jpg/800px-Dallas_-_Fort_Worth_International_Airport.jpg,http://upload.wikimedia.org/wikipedia/commons/thumb/0/0a/Dallas_-_Fort_Worth_International_Airport.jpg/250px-Dallas_-_Fort_Worth_International_Airport.jpg
9,Soekarno-Hatta International Airport,Jakarta,Java,Indonesia,57.73,106.654421,-6.126494,http://upload.wikimedia.org/wikipedia/commons/thumb/6/63/Jakarta_Airport_Dept_area.jpg/800px-Jakarta_Airport_Dept_area.jpg,http://upload.wikimedia.org/wikipedia/commons/thumb/6/63/Jakarta_Airport_Dept_area.jpg/220px-Jakarta_Airport_Dept_area.jpg
10,Dubai International Airport,Dubai,,United Arab Emirates,57.68,55.361461,25.252991,http://upload.wikimedia.org/wikipedia/commons/thumb/0/00/Dubai_Airport.jpg/800px-Dubai_Airport.jpg,http://upload.wikimedia.org/wikipedia/commons/thumb/0/00/Dubai_Airport.jpg/300px-Dubai_Airport.jpg
11,Frankfurt Airport,Frankfurt,Hessen,Germany,57.52,8.561442,50.038212,http://upload.wikimedia.org/wikipedia/commons/thumb/e/e5/AirportFrankfurt_fromair_2010-09-19.jpg/800px-AirportFrankfurt_fromair_2010-09-19.jpg,http://upload.wikimedia.org/wikipedia/commons/thumb/e/e5/AirportFrankfurt_fromair_2010-09-19.jpg/250px-AirportFrankfurt_fromair_2010-09-19.jpg
12,Hong Kong International Airport,Hong Kong,,China,56.06,113.92447,22.311836,http://upload.wikimedia.org/wikipedia/commons/d/d0/HKIA_at_night.jpg,http://upload.wikimedia.org/wikipedia/commons/thumb/d/d0/HKIA_at_night.jpg/220px-HKIA_at_night.jpg
13,Denver International Airport,Denver,Colorado,United States,53.16,-104.673784,39.858272,http://upload.wikimedia.org/wikipedia/commons/thumb/4/45/Denver_International_Airport.jpg/800px-Denver_International_Airport.jpg,http://upload.wikimedia.org/wikipedia/commons/thumb/4/45/Denver_International_Airport.jpg/220px-Denver_International_Airport.jpg
14,Suvarnabhumi Airport,Bangkok,,Thailand,53,100.750765,13.692363,http://upload.wikimedia.org/wikipedia/commons/thumb/6/6c/Suvarnabhumi_Airport%2C_Bangkok%2C_Thailand_2.jpg/800px-Suvarnabhumi_Airport%2C_Bangkok%2C_Thailand_2.jpg,http://upload.wikimedia.org/wikipedia/commons/thumb/6/6c/Suvarnabhumi_Airport%2C_Bangkok%2C_Thailand_2.jpg/220px-Suvarnabhumi_Airport%2C_Bangkok%2C_Thailand_2.jpg
15,Singapore Changi Airport,Singapore,,,51.18,103.98702,1.353205,http://upload.wikimedia.org/wikipedia/commons/thumb/4/41/Changi_airport_terminal_3zz.JPG/800px-Changi_airport_terminal_3zz.JPG,http://upload.wikimedia.org/wikipedia/commons/thumb/4/41/Changi_airport_terminal_3zz.JPG/220px-Changi_airport_terminal_3zz.JPG
16,Amsterdam Schiphol Airport,Amsterdam,,Netherlands,51.04,4.760605,52.308437,http://upload.wikimedia.org/wikipedia/commons/thumb/c/c9/Amsterdam_Schiphol_Airport_entrance.jpg/800px-Amsterdam_Schiphol_Airport_entrance.jpg,http://upload.wikimedia.org/wikipedia/commons/thumb/c/c9/Amsterdam_Schiphol_Airport_entrance.jpg/280px-Amsterdam_Schiphol_Airport_entrance.jpg
17,John F. Kennedy International Airport,New York City,New York,United States,49.29,-73.781688,40.645128,http://upload.wikimedia.org/wikipedia/commons/f/f0/JFKNewYorkTerm4_1.jpg,http://upload.wikimedia.org/wikipedia/commons/thumb/f/f0/JFKNewYorkTerm4_1.jpg/250px-JFKNewYorkTerm4_1.jpg
18,Guangzhou Baiyun International Airport,Guangzhou,Guangdong,China,48.55,113.299193,23.394639,http://upload.wikimedia.org/wikipedia/commons/thumb/d/de/Guangzhou_Baiyun_Airport_2.JPG/800px-Guangzhou_Baiyun_Airport_2.JPG,http://upload.wikimedia.org/wikipedia/commons/thumb/d/de/Guangzhou_Baiyun_Airport_2.JPG/250px-Guangzhou_Baiyun_Airport_2.JPG
19,Madrid Barajas Airport,Madrid,,Spain,47.18,-3.566156,40.466415,http://upload.wikimedia.org/wikipedia/commons/8/8f/Barajas_interior3.jpg,http://upload.wikimedia.org/wikipedia/commons/thumb/8/8f/Barajas_interior3.jpg/220px-Barajas_interior3.jpg
20,Ataturk International Airport,Istanbul,,Turkey,45,28.814437,40.976178,http://upload.wikimedia.org/wikipedia/commons/thumb/4/46/Ataturk_Airport_overview_Karakas.jpg/800px-Ataturk_Airport_overview_Karakas.jpg,http://upload.wikimedia.org/wikipedia/commons/thumb/4/46/Ataturk_Airport_overview_Karakas.jpg/250px-Ataturk_Airport_overview_Karakas.jpg
21,Shanghai Pudong International Airport,Shanghai,,China,44.88,121.79936,31.14884,http://upload.wikimedia.org/wikipedia/commons/e/e3/Shanghai_Pudong_International_Airport_Interior.jpg,http://upload.wikimedia.org/wikipedia/commons/thumb/e/e3/Shanghai_Pudong_International_Airport_Interior.jpg/220px-Shanghai_Pudong_International_Airport_Interior.jpg
22,San Francisco International Airport,San Francisco,California,United States,44.43,-122.38279,37.617187,http://upload.wikimedia.org/wikipedia/commons/thumb/3/34/SFO_at_night.jpg/800px-SFO_at_night.jpg,http://upload.wikimedia.org/wikipedia/commons/thumb/3/34/SFO_at_night.jpg/220px-SFO_at_night.jpg
23,McCarren International Airport,Las Vegas,Nevada,United States,41.67,-115.150941,36.085142,http://upload.wikimedia.org/wikipedia/commons/thumb/d/d7/McCarran_airport_las_vegas.jpg/220px-McCarran_airport_las_vegas.jpg,http://upload.wikimedia.org/wikipedia/commons/thumb/d/d7/McCarran_airport_las_vegas.jpg/800px-McCarran_airport_las_vegas.jpg
24,Charlotte Douglas International Airport,Charlotte,North Carolina,United States,41.23,-80.948401,35.219161,http://upload.wikimedia.org/wikipedia/commons/thumb/8/8e/CLT_Atrium.jpg/800px-CLT_Atrium.jpg,http://upload.wikimedia.org/wikipedia/commons/thumb/8/8e/CLT_Atrium.jpg/220px-CLT_Atrium.jpg
25,Phoenix Sky Harbor International Airport,Phoenix,Arizona,United States,40.45,-112.005496,33.435399,http://upload.wikimedia.org/wikipedia/commons/thumb/4/43/PHX_tower_with_downtown.JPG/800px-PHX_tower_with_downtown.JPG,http://upload.wikimedia.org/wikipedia/commons/thumb/4/43/PHX_tower_with_downtown.JPG/220px-PHX_tower_with_downtown.JPG
